Date,Content,Video title,Video publish time,Views
2023-11-10,3ONJNbGmVP4,John Wick was HIM once he Put On that BLACK SUIT!,"Sep 22, 2023",732
2023-11-11,3ONJNbGmVP4,John Wick was HIM once he Put On that BLACK SUIT!,"Sep 22, 2023",764
2023-11-12,3ONJNbGmVP4,John Wick was HIM once he Put On that BLACK SUIT!,"Sep 22, 2023",826
2023-11-13,3ONJNbGmVP4,John Wick was HIM once he Put On that BLACK SUIT!,"Sep 22, 2023",766
2023-11-14,3ONJNbGmVP4,John Wick was HIM once he Put On that BLACK SUIT!,"Sep 22, 2023",930
2023-11-15,3ONJNbGmVP4,John Wick was HIM once he Put On that BLACK SUIT!,"Sep 22, 2023",943
2023-11-16,3ONJNbGmVP4,John Wick was HIM once he Put On that BLACK SUIT!,"Sep 22, 2023",1055
2023-11-17,3ONJNbGmVP4,John Wick was HIM once he Put On that BLACK SUIT!,"Sep 22, 2023",904
2023-11-18,3ONJNbGmVP4,John Wick was HIM once he Put On that BLACK SUIT!,"Sep 22, 2023",1043
2023-11-19,3ONJNbGmVP4,John Wick was HIM once he Put On that BLACK SUIT!,"Sep 22, 2023",736
2023-11-20,3ONJNbGmVP4,John Wick was HIM once he Put On that BLACK SUIT!,"Sep 22, 2023",887
2023-11-21,3ONJNbGmVP4,John Wick was HIM once he Put On that BLACK SUIT!,"Sep 22, 2023",1080
2023-11-22,3ONJNbGmVP4,John Wick was HIM once he Put On that BLACK SUIT!,"Sep 22, 2023",845
2023-11-23,3ONJNbGmVP4,John Wick was HIM once he Put On that BLACK SUIT!,"Sep 22, 2023",1335
2023-11-24,3ONJNbGmVP4,John Wick was HIM once he Put On that BLACK SUIT!,"Sep 22, 2023",1259
2023-11-25,3ONJNbGmVP4,John Wick was HIM once he Put On that BLACK SUIT!,"Sep 22, 2023",1040
2023-11-26,3ONJNbGmVP4,John Wick was HIM once he Put On that BLACK SUIT!,"Sep 22, 2023",1201
2023-11-27,3ONJNbGmVP4,John Wick was HIM once he Put On that BLACK SUIT!,"Sep 22, 2023",861
2023-11-28,3ONJNbGmVP4,John Wick was HIM once he Put On that BLACK SUIT!,"Sep 22, 2023",1121
2023-11-29,3ONJNbGmVP4,John Wick was HIM once he Put On that BLACK SUIT!,"Sep 22, 2023",916
2023-11-30,3ONJNbGmVP4,John Wick was HIM once he Put On that BLACK SUIT!,"Sep 22, 2023",850
2023-12-01,3ONJNbGmVP4,John Wick was HIM once he Put On that BLACK SUIT!,"Sep 22, 2023",725
2023-12-02,3ONJNbGmVP4,John Wick was HIM once he Put On that BLACK SUIT!,"Sep 22, 2023",912
2023-12-03,3ONJNbGmVP4,John Wick was HIM once he Put On that BLACK SUIT!,"Sep 22, 2023",844
2023-12-04,3ONJNbGmVP4,John Wick was HIM once he Put On that BLACK SUIT!,"Sep 22, 2023",1071
2023-12-05,3ONJNbGmVP4,John Wick was HIM once he Put On that BLACK SUIT!,"Sep 22, 2023",943
2023-12-06,3ONJNbGmVP4,John Wick was HIM once he Put On that BLACK SUIT!,"Sep 22, 2023",1150
2023-12-07,3ONJNbGmVP4,John Wick was HIM once he Put On that BLACK SUIT!,"Sep 22, 2023",1157
2023-11-10,D9SqzCNlIYs,KAKASHI and OBITO went HIT for HIT in one of the CLEANEST FADES ever.,"Sep 9, 2023",819
2023-11-11,D9SqzCNlIYs,KAKASHI and OBITO went HIT for HIT in one of the CLEANEST FADES ever.,"Sep 9, 2023",654
2023-11-12,D9SqzCNlIYs,KAKASHI and OBITO went HIT for HIT in one of the CLEANEST FADES ever.,"Sep 9, 2023",630
2023-11-13,D9SqzCNlIYs,KAKASHI and OBITO went HIT for HIT in one of the CLEANEST FADES ever.,"Sep 9, 2023",661
2023-11-14,D9SqzCNlIYs,KAKASHI and OBITO went HIT for HIT in one of the CLEANEST FADES ever.,"Sep 9, 2023",669
2023-11-15,D9SqzCNlIYs,KAKASHI and OBITO went HIT for HIT in one of the CLEANEST FADES ever.,"Sep 9, 2023",863
2023-11-16,D9SqzCNlIYs,KAKASHI and OBITO went HIT for HIT in one of the CLEANEST FADES ever.,"Sep 9, 2023",829
2023-11-17,D9SqzCNlIYs,KAKASHI and OBITO went HIT for HIT in one of the CLEANEST FADES ever.,"Sep 9, 2023",576
2023-11-18,D9SqzCNlIYs,KAKASHI and OBITO went HIT for HIT in one of the CLEANEST FADES ever.,"Sep 9, 2023",576
2023-11-19,D9SqzCNlIYs,KAKASHI and OBITO went HIT for HIT in one of the CLEANEST FADES ever.,"Sep 9, 2023",508
2023-11-20,D9SqzCNlIYs,KAKASHI and OBITO went HIT for HIT in one of the CLEANEST FADES ever.,"Sep 9, 2023",492
2023-11-21,D9SqzCNlIYs,KAKASHI and OBITO went HIT for HIT in one of the CLEANEST FADES ever.,"Sep 9, 2023",478
2023-11-22,D9SqzCNlIYs,KAKASHI and OBITO went HIT for HIT in one of the CLEANEST FADES ever.,"Sep 9, 2023",425
2023-11-23,D9SqzCNlIYs,KAKASHI and OBITO went HIT for HIT in one of the CLEANEST FADES ever.,"Sep 9, 2023",384
2023-11-24,D9SqzCNlIYs,KAKASHI and OBITO went HIT for HIT in one of the CLEANEST FADES ever.,"Sep 9, 2023",442
2023-11-25,D9SqzCNlIYs,KAKASHI and OBITO went HIT for HIT in one of the CLEANEST FADES ever.,"Sep 9, 2023",528
2023-11-26,D9SqzCNlIYs,KAKASHI and OBITO went HIT for HIT in one of the CLEANEST FADES ever.,"Sep 9, 2023",629
2023-11-27,D9SqzCNlIYs,KAKASHI and OBITO went HIT for HIT in one of the CLEANEST FADES ever.,"Sep 9, 2023",963
2023-11-28,D9SqzCNlIYs,KAKASHI and OBITO went HIT for HIT in one of the CLEANEST FADES ever.,"Sep 9, 2023",558
2023-11-29,D9SqzCNlIYs,KAKASHI and OBITO went HIT for HIT in one of the CLEANEST FADES ever.,"Sep 9, 2023",700
2023-11-30,D9SqzCNlIYs,KAKASHI and OBITO went HIT for HIT in one of the CLEANEST FADES ever.,"Sep 9, 2023",607
2023-12-01,D9SqzCNlIYs,KAKASHI and OBITO went HIT for HIT in one of the CLEANEST FADES ever.,"Sep 9, 2023",621
2023-12-02,D9SqzCNlIYs,KAKASHI and OBITO went HIT for HIT in one of the CLEANEST FADES ever.,"Sep 9, 2023",938
2023-12-03,D9SqzCNlIYs,KAKASHI and OBITO went HIT for HIT in one of the CLEANEST FADES ever.,"Sep 9, 2023",888
2023-12-04,D9SqzCNlIYs,KAKASHI and OBITO went HIT for HIT in one of the CLEANEST FADES ever.,"Sep 9, 2023",1181
2023-12-05,D9SqzCNlIYs,KAKASHI and OBITO went HIT for HIT in one of the CLEANEST FADES ever.,"Sep 9, 2023",928
2023-12-06,D9SqzCNlIYs,KAKASHI and OBITO went HIT for HIT in one of the CLEANEST FADES ever.,"Sep 9, 2023",1134
2023-12-07,D9SqzCNlIYs,KAKASHI and OBITO went HIT for HIT in one of the CLEANEST FADES ever.,"Sep 9, 2023",1414
2023-11-10,E0Kogn_2u7c,SASUKE and ITACHI Ran one of the CRAZIEST FADES in Naruto!,"Nov 3, 2023",1166
2023-11-11,E0Kogn_2u7c,SASUKE and ITACHI Ran one of the CRAZIEST FADES in Naruto!,"Nov 3, 2023",1703
2023-11-12,E0Kogn_2u7c,SASUKE and ITACHI Ran one of the CRAZIEST FADES in Naruto!,"Nov 3, 2023",951
2023-11-13,E0Kogn_2u7c,SASUKE and ITACHI Ran one of the CRAZIEST FADES in Naruto!,"Nov 3, 2023",1390
2023-11-14,E0Kogn_2u7c,SASUKE and ITACHI Ran one of the CRAZIEST FADES in Naruto!,"Nov 3, 2023",868
2023-11-15,E0Kogn_2u7c,SASUKE and ITACHI Ran one of the CRAZIEST FADES in Naruto!,"Nov 3, 2023",959
2023-11-16,E0Kogn_2u7c,SASUKE and ITACHI Ran one of the CRAZIEST FADES in Naruto!,"Nov 3, 2023",736
2023-11-17,E0Kogn_2u7c,SASUKE and ITACHI Ran one of the CRAZIEST FADES in Naruto!,"Nov 3, 2023",584
2023-11-18,E0Kogn_2u7c,SASUKE and ITACHI Ran one of the CRAZIEST FADES in Naruto!,"Nov 3, 2023",558
2023-11-19,E0Kogn_2u7c,SASUKE and ITACHI Ran one of the CRAZIEST FADES in Naruto!,"Nov 3, 2023",531
2023-11-20,E0Kogn_2u7c,SASUKE and ITACHI Ran one of the CRAZIEST FADES in Naruto!,"Nov 3, 2023",679
2023-11-21,E0Kogn_2u7c,SASUKE and ITACHI Ran one of the CRAZIEST FADES in Naruto!,"Nov 3, 2023",538
2023-11-22,E0Kogn_2u7c,SASUKE and ITACHI Ran one of the CRAZIEST FADES in Naruto!,"Nov 3, 2023",497
2023-11-23,E0Kogn_2u7c,SASUKE and ITACHI Ran one of the CRAZIEST FADES in Naruto!,"Nov 3, 2023",379
2023-11-24,E0Kogn_2u7c,SASUKE and ITACHI Ran one of the CRAZIEST FADES in Naruto!,"Nov 3, 2023",505
2023-11-25,E0Kogn_2u7c,SASUKE and ITACHI Ran one of the CRAZIEST FADES in Naruto!,"Nov 3, 2023",432
2023-11-26,E0Kogn_2u7c,SASUKE and ITACHI Ran one of the CRAZIEST FADES in Naruto!,"Nov 3, 2023",441
2023-11-27,E0Kogn_2u7c,SASUKE and ITACHI Ran one of the CRAZIEST FADES in Naruto!,"Nov 3, 2023",469
2023-11-28,E0Kogn_2u7c,SASUKE and ITACHI Ran one of the CRAZIEST FADES in Naruto!,"Nov 3, 2023",439
2023-11-29,E0Kogn_2u7c,SASUKE and ITACHI Ran one of the CRAZIEST FADES in Naruto!,"Nov 3, 2023",392
2023-11-30,E0Kogn_2u7c,SASUKE and ITACHI Ran one of the CRAZIEST FADES in Naruto!,"Nov 3, 2023",407
2023-12-01,E0Kogn_2u7c,SASUKE and ITACHI Ran one of the CRAZIEST FADES in Naruto!,"Nov 3, 2023",515
2023-12-02,E0Kogn_2u7c,SASUKE and ITACHI Ran one of the CRAZIEST FADES in Naruto!,"Nov 3, 2023",494
2023-12-03,E0Kogn_2u7c,SASUKE and ITACHI Ran one of the CRAZIEST FADES in Naruto!,"Nov 3, 2023",664
2023-12-04,E0Kogn_2u7c,SASUKE and ITACHI Ran one of the CRAZIEST FADES in Naruto!,"Nov 3, 2023",575
2023-12-05,E0Kogn_2u7c,SASUKE and ITACHI Ran one of the CRAZIEST FADES in Naruto!,"Nov 3, 2023",778
2023-12-06,E0Kogn_2u7c,SASUKE and ITACHI Ran one of the CRAZIEST FADES in Naruto!,"Nov 3, 2023",1048
2023-12-07,E0Kogn_2u7c,SASUKE and ITACHI Ran one of the CRAZIEST FADES in Naruto!,"Nov 3, 2023",1533
2023-11-10,gv053aS_rhQ,When SUKUNA Woke Up and went TRYHARD on the SHIBUYA Lobby!,"Nov 20, 2023",0
2023-11-11,gv053aS_rhQ,When SUKUNA Woke Up and went TRYHARD on the SHIBUYA Lobby!,"Nov 20, 2023",0
2023-11-12,gv053aS_rhQ,When SUKUNA Woke Up and went TRYHARD on the SHIBUYA Lobby!,"Nov 20, 2023",0
2023-11-13,gv053aS_rhQ,When SUKUNA Woke Up and went TRYHARD on the SHIBUYA Lobby!,"Nov 20, 2023",0
2023-11-14,gv053aS_rhQ,When SUKUNA Woke Up and went TRYHARD on the SHIBUYA Lobby!,"Nov 20, 2023",0
2023-11-15,gv053aS_rhQ,When SUKUNA Woke Up and went TRYHARD on the SHIBUYA Lobby!,"Nov 20, 2023",0
2023-11-16,gv053aS_rhQ,When SUKUNA Woke Up and went TRYHARD on the SHIBUYA Lobby!,"Nov 20, 2023",0
2023-11-17,gv053aS_rhQ,When SUKUNA Woke Up and went TRYHARD on the SHIBUYA Lobby!,"Nov 20, 2023",0
2023-11-18,gv053aS_rhQ,When SUKUNA Woke Up and went TRYHARD on the SHIBUYA Lobby!,"Nov 20, 2023",0
2023-11-19,gv053aS_rhQ,When SUKUNA Woke Up and went TRYHARD on the SHIBUYA Lobby!,"Nov 20, 2023",0
2023-11-20,gv053aS_rhQ,When SUKUNA Woke Up and went TRYHARD on the SHIBUYA Lobby!,"Nov 20, 2023",17632
2023-11-21,gv053aS_rhQ,When SUKUNA Woke Up and went TRYHARD on the SHIBUYA Lobby!,"Nov 20, 2023",14791
2023-11-22,gv053aS_rhQ,When SUKUNA Woke Up and went TRYHARD on the SHIBUYA Lobby!,"Nov 20, 2023",4849
2023-11-23,gv053aS_rhQ,When SUKUNA Woke Up and went TRYHARD on the SHIBUYA Lobby!,"Nov 20, 2023",2586
2023-11-24,gv053aS_rhQ,When SUKUNA Woke Up and went TRYHARD on the SHIBUYA Lobby!,"Nov 20, 2023",2066
2023-11-25,gv053aS_rhQ,When SUKUNA Woke Up and went TRYHARD on the SHIBUYA Lobby!,"Nov 20, 2023",1891
2023-11-26,gv053aS_rhQ,When SUKUNA Woke Up and went TRYHARD on the SHIBUYA Lobby!,"Nov 20, 2023",1735
2023-11-27,gv053aS_rhQ,When SUKUNA Woke Up and went TRYHARD on the SHIBUYA Lobby!,"Nov 20, 2023",1478
2023-11-28,gv053aS_rhQ,When SUKUNA Woke Up and went TRYHARD on the SHIBUYA Lobby!,"Nov 20, 2023",1282
2023-11-29,gv053aS_rhQ,When SUKUNA Woke Up and went TRYHARD on the SHIBUYA Lobby!,"Nov 20, 2023",1148
2023-11-30,gv053aS_rhQ,When SUKUNA Woke Up and went TRYHARD on the SHIBUYA Lobby!,"Nov 20, 2023",973
2023-12-01,gv053aS_rhQ,When SUKUNA Woke Up and went TRYHARD on the SHIBUYA Lobby!,"Nov 20, 2023",866
2023-12-02,gv053aS_rhQ,When SUKUNA Woke Up and went TRYHARD on the SHIBUYA Lobby!,"Nov 20, 2023",1016
2023-12-03,gv053aS_rhQ,When SUKUNA Woke Up and went TRYHARD on the SHIBUYA Lobby!,"Nov 20, 2023",1093
2023-12-04,gv053aS_rhQ,When SUKUNA Woke Up and went TRYHARD on the SHIBUYA Lobby!,"Nov 20, 2023",1046
2023-12-05,gv053aS_rhQ,When SUKUNA Woke Up and went TRYHARD on the SHIBUYA Lobby!,"Nov 20, 2023",1170
2023-12-06,gv053aS_rhQ,When SUKUNA Woke Up and went TRYHARD on the SHIBUYA Lobby!,"Nov 20, 2023",1089
2023-12-07,gv053aS_rhQ,When SUKUNA Woke Up and went TRYHARD on the SHIBUYA Lobby!,"Nov 20, 2023",1294
2023-11-10,s1Z5_IfoW6I,How Tai Lung gets his “HIM” Badge REVOKED by Po and SELLS the 1v1.,"Aug 19, 2023",912
2023-11-11,s1Z5_IfoW6I,How Tai Lung gets his “HIM” Badge REVOKED by Po and SELLS the 1v1.,"Aug 19, 2023",842
2023-11-12,s1Z5_IfoW6I,How Tai Lung gets his “HIM” Badge REVOKED by Po and SELLS the 1v1.,"Aug 19, 2023",764
2023-11-13,s1Z5_IfoW6I,How Tai Lung gets his “HIM” Badge REVOKED by Po and SELLS the 1v1.,"Aug 19, 2023",691
2023-11-14,s1Z5_IfoW6I,How Tai Lung gets his “HIM” Badge REVOKED by Po and SELLS the 1v1.,"Aug 19, 2023",605
2023-11-15,s1Z5_IfoW6I,How Tai Lung gets his “HIM” Badge REVOKED by Po and SELLS the 1v1.,"Aug 19, 2023",702
2023-11-16,s1Z5_IfoW6I,How Tai Lung gets his “HIM” Badge REVOKED by Po and SELLS the 1v1.,"Aug 19, 2023",918
2023-11-17,s1Z5_IfoW6I,How Tai Lung gets his “HIM” Badge REVOKED by Po and SELLS the 1v1.,"Aug 19, 2023",976
2023-11-18,s1Z5_IfoW6I,How Tai Lung gets his “HIM” Badge REVOKED by Po and SELLS the 1v1.,"Aug 19, 2023",975
2023-11-19,s1Z5_IfoW6I,How Tai Lung gets his “HIM” Badge REVOKED by Po and SELLS the 1v1.,"Aug 19, 2023",782
2023-11-20,s1Z5_IfoW6I,How Tai Lung gets his “HIM” Badge REVOKED by Po and SELLS the 1v1.,"Aug 19, 2023",1051
2023-11-21,s1Z5_IfoW6I,How Tai Lung gets his “HIM” Badge REVOKED by Po and SELLS the 1v1.,"Aug 19, 2023",898
2023-11-22,s1Z5_IfoW6I,How Tai Lung gets his “HIM” Badge REVOKED by Po and SELLS the 1v1.,"Aug 19, 2023",675
2023-11-23,s1Z5_IfoW6I,How Tai Lung gets his “HIM” Badge REVOKED by Po and SELLS the 1v1.,"Aug 19, 2023",1003
2023-11-24,s1Z5_IfoW6I,How Tai Lung gets his “HIM” Badge REVOKED by Po and SELLS the 1v1.,"Aug 19, 2023",726
2023-11-25,s1Z5_IfoW6I,How Tai Lung gets his “HIM” Badge REVOKED by Po and SELLS the 1v1.,"Aug 19, 2023",927
2023-11-26,s1Z5_IfoW6I,How Tai Lung gets his “HIM” Badge REVOKED by Po and SELLS the 1v1.,"Aug 19, 2023",648
2023-11-27,s1Z5_IfoW6I,How Tai Lung gets his “HIM” Badge REVOKED by Po and SELLS the 1v1.,"Aug 19, 2023",584
2023-11-28,s1Z5_IfoW6I,How Tai Lung gets his “HIM” Badge REVOKED by Po and SELLS the 1v1.,"Aug 19, 2023",604
2023-11-29,s1Z5_IfoW6I,How Tai Lung gets his “HIM” Badge REVOKED by Po and SELLS the 1v1.,"Aug 19, 2023",508
2023-11-30,s1Z5_IfoW6I,How Tai Lung gets his “HIM” Badge REVOKED by Po and SELLS the 1v1.,"Aug 19, 2023",523
2023-12-01,s1Z5_IfoW6I,How Tai Lung gets his “HIM” Badge REVOKED by Po and SELLS the 1v1.,"Aug 19, 2023",468
2023-12-02,s1Z5_IfoW6I,How Tai Lung gets his “HIM” Badge REVOKED by Po and SELLS the 1v1.,"Aug 19, 2023",462
2023-12-03,s1Z5_IfoW6I,How Tai Lung gets his “HIM” Badge REVOKED by Po and SELLS the 1v1.,"Aug 19, 2023",385
2023-12-04,s1Z5_IfoW6I,How Tai Lung gets his “HIM” Badge REVOKED by Po and SELLS the 1v1.,"Aug 19, 2023",338
2023-12-05,s1Z5_IfoW6I,How Tai Lung gets his “HIM” Badge REVOKED by Po and SELLS the 1v1.,"Aug 19, 2023",336
2023-12-06,s1Z5_IfoW6I,How Tai Lung gets his “HIM” Badge REVOKED by Po and SELLS the 1v1.,"Aug 19, 2023",317
2023-12-07,s1Z5_IfoW6I,How Tai Lung gets his “HIM” Badge REVOKED by Po and SELLS the 1v1.,"Aug 19, 2023",453
